순번,영어파일명,원본제품명,바코드번호,원본파일명
1,product_001.png,말보루 화이트,88024615,말보루_화이트_88024615.png
2,product_002.png,말보루 비스타블라썸,88023489,말보루_비스타블라썸_88023489.png
3,product_003.png,말보루 실버,88012407,말보루_실버_88012407.png
4,product_004.png,말보루 골드,88011745,말보루_골드_88011745.png
5,product_005.png,말보루 미디엄,88011721,말보루_미디엄_88011721.png
6,product_006.png,말보루 레드,88011707,말보루_레드_88011707.png
7,product_007.png,말보루 포레스트미스트,88023441,말보루_포레스트미스트_88023441.png
8,product_008.png,말보루 가든 스플래시,88024608,말보루_가든_스플래시_88024608.png
9,product_009.png,말보루 비스타 썸머,88023465,말보루_비스타_썸머_88023465.png
10,product_010.png,말보루 비스타,88023403,말보루_비스타_88023403.png
11,product_011.png,말보루 하이브리드 1,88017648,말보루_하이브리드_1_88017648.png
12,product_012.png,말보루 하이브리드 5,88017655,말보루_하이브리드_5_88017655.png
13,product_013.png,말보루 아이스블라스트,88017174,말보루_아이스블라스트_88017174.png
14,product_014.png,말보루 아이스블라스트 1,88017617,말보루_아이스블라스트_1_88017617.png
15,product_015.png,말보루 화이트후레시,88011752,말보루_화이트후레시_88011752.png
16,product_016.png,말보루 블랙 후래시,88014494,말보루_블랙_후래시_88014494.png
17,product_017.png,말보루 비스타 트로피컬,88023434,말보루_비스타_트로피컬_88023434.png
18,product_018.png,팔리아멘트 아쿠아 1,88013114,팔리아멘트_아쿠아_1_88013114.png
19,product_019.png,팔리아멘트 아쿠아 3,88014463,팔리아멘트_아쿠아_3_88014463.png
20,product_020.png,팔리아멘트 아쿠아 5,88013121,팔리아멘트_아쿠아_5_88013121.png
21,product_021.png,팔리아멘트 하이브리드 1,88017693,팔리아멘트_하이브리드_1_88017693.png
22,product_022.png,팔리아멘트 하이브리드 5,88017624,팔리아멘트_하이브리드_5_88017624.png
23,product_023.png,팔리아멘트 수퍼슬림 레드,88019918,팔리아멘트_수퍼슬림_레드_88019918.png
24,product_024.png,버지니아 블루,88011882,버지니아_블루_88011882.png
25,product_025.png,버지니아 골드,88011851,버지니아_골드_88011851.png
26,product_026.png,하모니,88011844,하모니_88011844.png
27,product_027.png,테리아 블랙루비,88024189,테리아_블랙루비_88024189.png
28,product_028.png,테리아 블랙옐로우,88023595,테리아_블랙옐로우_88023595.png
29,product_029.png,테리아 블랙퍼플,88023526,테리아_블랙퍼플_88023526.png
30,product_030.png,테리아 퍼플웨이브,88021492,테리아_퍼플웨이브_88021492.png
31,product_031.png,테리아 썸머웨이브,88023564,테리아_썸머웨이브_88023564.png
32,product_032.png,테리아 유젠,88023090,테리아_유젠_88023090.png
33,product_033.png,테리아 썬펄,88024141,테리아_썬펄_88024141.png
34,product_034.png,테리아 오아시스 펄,88024134,테리아_오아시스_펄_88024134.png
35,product_035.png,테리아 트와일라잇 펄,88024752,테리아_트와일라잇_펄_88024752.png
36,product_036.png,센티아 실버,88024721,센티아_실버_88024721.png
37,product_037.png,센티아 그린,88024745,센티아_그린_88024745.png
38,product_038.png,센티아 골드,88024714,센티아_골드_88024714.png
39,product_039.png,센티아 퍼플,88024738,센티아_퍼플_88024738.png
40,product_040.png,테리아 블랙그린,88023502,테리아_블랙그린_88023502.png
41,product_041.png,테리아 블루,88023014,테리아_블루_88023014.png
42,product_042.png,테리아 그린징,88023038,테리아_그린징_88023038.png
43,product_043.png,테리아 그린,88023021,테리아_그린_88023021.png
44,product_044.png,테리아 앰버,88023045,테리아_앰버_88023045.png
45,product_045.png,테리아 실버,88023052,테리아_실버_88023052.png
46,product_046.png,테리아 러셋,88024165,테리아_러셋_88024165.png
47,product_047.png,테리아 티크,88024158,테리아_티크_88024158.png
48,product_048.png,테리아 아버 펄,88023540,테리아_아버_펄_88023540.png
49,product_049.png,테리아 스탈링펄,88024196,테리아_스탈링펄_88024196.png
50,product_050.png,믹스 브린,8801116048250,믹스_브린_8801116048250.png
51,product_051.png,믹스 보나썸,8801116050888,믹스_보나썸_8801116050888.png
52,product_052.png,믹스 블루썸,8801116037292,믹스_블루썸_8801116037292.png
53,product_053.png,믹스 아이션,8801116029914,믹스_아이션_8801116029914.png
54,product_054.png,믹스 믹스,8801116012435,믹스_믹스_8801116012435.png
55,product_055.png,믹스 아이스,8801116012480,믹스_아이스_8801116012480.png
56,product_056.png,믹스 프렌치,8801116012595,믹스_프렌치_8801116012595.png
57,product_057.png,믹스 아이스더블,8801116013234,믹스_아이스더블_8801116013234.png
58,product_058.png,믹스 업투,8801116041299,믹스_업투_8801116041299.png
59,product_059.png,믹스 오라썸,8801116042890,믹스_오라썸_8801116042890.png
60,product_060.png,믹스 아이스뱅,8801116015931,믹스_아이스뱅_8801116015931.png
61,product_061.png,믹스 클래시,8801116014217,믹스_클래시_8801116014217.png
62,product_062.png,믹스 콤보,8801116016419,믹스_콤보_8801116016419.png
63,product_063.png,믹스 아이스모아,8801116056644,믹스_아이스모아_8801116056644.png
64,product_064.png,핏 체인지 유니크,8801116026043,핏_체인지_유니크_8801116026043.png
65,product_065.png,핏 아이싱,8801116015680,핏_아이싱_8801116015680.png
66,product_066.png,핏 체인지,8801116009435,핏_체인지_8801116009435.png
67,product_067.png,핏 체인지 업,8801116009572,핏_체인지_업_8801116009572.png
68,product_068.png,핏 체인지 큐,8801116017232,핏_체인지_큐_8801116017232.png
69,product_069.png,핏 쿨 샷,8801116011599,핏_쿨_샷_8801116011599.png
70,product_070.png,핏 스파키,8801116009459,핏_스파키_8801116009459.png
71,product_071.png,핏 아이시스트,8801116018802,핏_아이시스트_8801116018802.png
72,product_072.png,에임 리얼 카메오,8801116031221,에임_리얼_카메오_8801116031221.png
73,product_073.png,에임 리얼 시가리쉬,8801116047000,에임_리얼_시가리쉬_8801116047000.png
74,product_074.png,그래뉼라 아이스러시,8801116034543,그래뉼라_아이스러시_8801116034543.png
75,product_075.png,에임 리얼 아이스 피크,8801116047048,에임_리얼_아이스_피크_8801116047048.png
76,product_076.png,그래뉼라 트와이스,8801116025695,그래뉼라_트와이스_8801116025695.png
77,product_077.png,그래뉼라 아이스노우,8801116044443,그래뉼라_아이스노우_8801116044443.png
78,product_078.png,그래뉼라 아이스,8801116025671,그래뉼라_아이스_8801116025671.png
79,product_079.png,그래뉼라 커플,8801116044451,그래뉼라_커플_8801116044451.png
80,product_080.png,리얼 레귤러,8801116025602,리얼_레귤러_8801116025602.png
81,product_081.png,리얼 아이스,8801116025626,리얼_아이스_8801116025626.png
82,product_082.png,에임 리얼 레귤러,8801116025602,에임_리얼_레귤러_8801116025602.png
83,product_083.png,베이퍼스틱 트로피,8801116048298,베이퍼스틱_트로피_8801116048298.png
84,product_084.png,그래뉼라 블루밍,8801116044467,그래뉼라_블루밍_8801116044467.png
85,product_085.png,베이퍼스틱 탱고,8801116048311,베이퍼스틱_탱고_8801116048311.png
86,product_086.png,리얼 써니스트,8801116047024,리얼_써니스트_8801116047024.png
87,product_087.png,그래뉼라 헤이즈,8801116055050,그래뉼라_헤이즈_8801116055050.png
88,product_088.png,에쎄 로열팰리스,8801116007431,에쎄_로열팰리스_8801116007431.png
89,product_089.png,에쎄 골드리프,8801116001392,에쎄_골드리프_8801116001392.png
90,product_090.png,에쎄 골드리프 1,8801116005598,에쎄_골드리프_1_8801116005598.png
91,product_091.png,에쎄 골드리프 0.5,8801116037377,에쎄_골드리프_0.5_8801116037377.png
92,product_092.png,에쎄 스페셜골드 1,88011160,에쎄_스페셜골드_1_88011160.png
93,product_093.png,에쎄 스페셜골드 ,8801116000593,에쎄_스페셜골드__8801116000593.png
94,product_094.png,에쎄 스페셜골드 0.5,8801116006915,에쎄_스페셜골드_0.5_8801116006915.png
95,product_095.png,에쎄 체인지 린,8801116008490,에쎄_체인지_린_8801116008490.png
96,product_096.png,에쎄 체인지 그램,8801116021888,에쎄_체인지_그램_8801116021888.png
97,product_097.png,에쎄 클래식,88006642,에쎄_클래식_88006642.png
98,product_098.png,에쎄 원,88012087,에쎄_원_88012087.png
99,product_099.png,에쎄 수,8801116000937,에쎄_수_8801116000937.png
100,product_100.png,에쎄 수 0.5,8801116000194,에쎄_수_0.5_8801116000194.png
101,product_101.png,에쎄 수 0.1,8801116001712,에쎄_수_0.1_8801116001712.png
102,product_102.png,에쎄 프라임,88011967,에쎄_프라임_88011967.png
103,product_103.png,에쎄 프레쏘,8801116004829,에쎄_프레쏘_8801116004829.png
104,product_104.png,에쎄 히말라야 윈터,8801116042418,에쎄_히말라야_윈터_8801116042418.png
105,product_105.png,에쎄 아이스 1,8801116003556,에쎄_아이스_1_8801116003556.png
106,product_106.png,에쎄 이츠딥브라운,8801116025251,에쎄_이츠딥브라운_8801116025251.png
107,product_107.png,에쎄 슈팅 레드,8801116040360,에쎄_슈팅_레드_8801116040360.png
108,product_108.png,에쎄 프로즌,8801116015887,에쎄_프로즌_8801116015887.png
109,product_109.png,에쎄 히말라야,8801116013319,에쎄_히말라야_8801116013319.png
110,product_110.png,에쎄 체인지 업,8801116007257,에쎄_체인지_업_8801116007257.png
111,product_111.png,에쎄 체인지 빙,8801116010011,에쎄_체인지_빙_8801116010011.png
112,product_112.png,에쎄 체인지 w,8801116006007,에쎄_체인지_w_8801116006007.png
113,product_113.png,에쎄 체인지,8801116005314,에쎄_체인지_8801116005314.png
114,product_114.png,에쎄 체인지 4,8801116005574,에쎄_체인지_4_8801116005574.png
115,product_115.png,에쎄 느와르,8801116051106,에쎄_느와르_8801116051106.png
116,product_116.png,보헴 시가 마스터,8801116002702,보헴_시가_마스터_8801116002702.png
117,product_117.png,보헴 no 6,8801116001293,보헴_no_6_8801116001293.png
118,product_118.png,보헴 no 3,8801116002986,보헴_no_3_8801116002986.png
119,product_119.png,보헴 no 1,8801116001279,보헴_no_1_8801116001279.png
120,product_120.png,쿠바나 더블,8801116003907,쿠바나_더블_8801116003907.png
121,product_121.png,쿠바나 샷,8801116003921,쿠바나_샷_8801116003921.png
122,product_122.png,보헴 시가리브레,8801116007417,보헴_시가리브레_8801116007417.png
123,product_123.png,보헴 시가 미니 1,8801116004652,보헴_시가_미니_1_8801116004652.png
124,product_124.png,보헴 시가 미니 5,8801116004676,보헴_시가_미니_5_8801116004676.png
125,product_125.png,레종 블루,88011189,레종_블루_88011189.png
126,product_126.png,레종 블랙,8801116000913,레종_블랙_8801116000913.png
127,product_127.png,레종 휘바 ice툰드라,8801116043873,레종_휘바_ice툰드라_8801116043873.png
128,product_128.png,레종 프렌치 썸,8801116024162,레종_프렌치_썸_8801116024162.png
129,product_129.png,레종 휘바,880111608131,레종_휘바_880111608131.png
130,product_130.png,레종 프렌치블랙,8801116006830,레종_프렌치블랙_8801116006830.png
131,product_131.png,레종 요고,8801116007172,레종_요고_8801116007172.png
132,product_132.png,레종 아이스블랑,8801116019397,레종_아이스블랑_8801116019397.png
133,product_133.png,에쎄 센스,8801116003679,에쎄_센스_8801116003679.png
134,product_134.png,시즌,88011158,시즌_88011158.png
135,product_135.png,아이스볼트gt,8801116006731,아이스볼트gt_8801116006731.png
136,product_136.png,디스플러스,8801116052011,디스플러스_8801116052011.png
137,product_137.png,디스,88006611,디스_88006611.png
138,product_138.png,클라우드 9,88011981,클라우드_9_88011981.png
139,product_139.png,클라우드 1,8801116001095,클라우드_1_8801116001095.png
140,product_140.png,슬림핏 브라운,8801116006533,슬림핏_브라운_8801116006533.png
141,product_141.png,시가 아이스핏,8801116022731,시가_아이스핏_8801116022731.png
142,product_142.png,더원 블루,8801116000456,더원_블루_8801116000456.png
143,product_143.png,더원 오렌지,8801116001033,더원_오렌지_8801116001033.png
144,product_144.png,더원 화이트,8801116001613,더원_화이트_8801116001613.png
145,product_145.png,더원 체인지,8801116006076,더원_체인지_8801116006076.png
146,product_146.png,더원 임팩트,8801116002467,더원_임팩트_8801116002467.png
147,product_147.png,아프리카 아이스잭,8801116008551,아프리카_아이스잭_8801116008551.png
148,product_148.png,아프리카 몰라,8801116005451,아프리카_몰라_8801116005451.png
149,product_149.png,아프리카 룰라,8801116006403,아프리카_룰라_8801116006403.png
150,product_150.png,타임 미드,88012063,타임_미드_88012063.png
151,product_151.png,에쎄 엣지,8801116002003,에쎄_엣지_8801116002003.png
152,product_152.png,보헴 파이브,8801116010288,보헴_파이브_8801116010288.png
153,product_153.png,보헴 카리브,8801116018482,보헴_카리브_8801116018482.png
154,product_154.png,심플 에이스 1,8801116001965,심플_에이스_1_8801116001965.png
155,product_155.png,심플 클래식,88003429,심플_클래식_88003429.png
156,product_156.png,라일락,88003696,라일락_88003696.png
157,product_157.png,한라산,88003542,한라산_88003542.png
158,product_158.png,보헴 시가 시그니처,8801116040124,보헴_시가_시그니처_8801116040124.png
159,product_159.png,보헴 파이프브리튼,8801116046225,보헴_파이프브리튼_8801116046225.png
160,product_160.png,이오니아 핑크,8801116036028,이오니아_핑크_8801116036028.png
161,product_161.png,이오니아 그린,8801116036066,이오니아_그린_8801116036066.png
162,product_162.png,이오니아 퍼플,8801116046522,이오니아_퍼플_8801116046522.png
163,product_163.png,lbs 옐로우 3,88022116,lbs_옐로우_3_88022116.png
164,product_164.png,lbs 옐로우 1,88021331,lbs_옐로우_1_88021331.png
165,product_165.png,lbs 옐로우 맥스,88023229,lbs_옐로우_맥스_88023229.png
166,product_166.png,lbs 옐로우 수퍼슬림,88022123,lbs_옐로우_수퍼슬림_88022123.png
167,product_167.png,메비우스 롱스,88023243,메비우스_롱스_88023243.png
168,product_168.png,스카이블루(곽),88020747,스카이블루_곽__88020747.png
169,product_169.png,스카이블루(팩),88020730,스카이블루_팩__88020730.png
170,product_170.png,lss 윈드블루,88020785,lss_윈드블루_88020785.png
171,product_171.png,lss 원,88020792,lss_원_88020792.png
172,product_172.png,lbs 아이스스톰,88021386,lbs_아이스스톰_88021386.png
173,product_173.png,lbs 아이스피즈,88024516,lbs_아이스피즈_88024516.png
174,product_174.png,lbs 시트로웨이브,88024295,lbs_시트로웨이브_88024295.png
175,product_175.png,lbs 선셋비치,88022536,lbs_선셋비치_88022536.png
176,product_176.png,e 스타일6,88025254,e_스타일6_88025254.png
177,product_177.png,e 스타일 3,88019109,e_스타일_3_88019109.png
178,product_178.png,lbs 믹스그린,88022147,lbs_믹스그린_88022147.png
179,product_179.png,lbs 아이스바나,88024585,lbs_아이스바나_88024585.png
180,product_180.png,lbs 스파클링듀,88021140,lbs_스파클링듀_88021140.png
181,product_181.png,lbs 퍼플,88019154,lbs_퍼플_88019154.png
182,product_182.png,lbs 트로피컬 믹스그린,88022598,lbs_트로피컬_믹스그린_88022598.png
183,product_183.png,lbs 오리지널,88020761,lbs_오리지널_88020761.png
184,product_184.png,lbs 윈드블루,88020754,lbs_윈드블루_88020754.png
185,product_185.png,카멜 파라다이스,88024592,카멜_파라다이스_88024592.png
186,product_186.png,카멜 필터 8,40329055,카멜_필터_8_40329055.png
187,product_187.png,카멜필터 5,40329086,카멜필터_5_40329086.png
188,product_188.png,뉴욕,8888075107495,뉴욕_8888075107495.png
189,product_189.png,파리,8888075107464,파리_8888075107464.png
190,product_190.png,런던,8888075082266,런던_8888075082266.png
191,product_191.png,던힐 6,88022666,던힐_6_88022666.png
192,product_192.png,던힐 3,88022673,던힐_3_88022673.png
193,product_193.png,던힐 1,88022680,던힐_1_88022680.png
194,product_194.png,던힐 파인컷 1mg,88014128,던힐_파인컷_1mg_88014128.png
195,product_195.png,던힐 프로스트,88022697,던힐_프로스트_88022697.png
196,product_196.png,던힐파인컷수프림,88014142,던힐파인컷수프림_88014142.png
197,product_197.png,던힐파인컷캡슐스위치,88020396,던힐파인컷캡슐스위치_88020396.png
198,product_198.png,던힐파인컷레인보우부스트,88024301,던힐파인컷레인보우부스트_88024301.png
199,product_199.png,던힐파인컷멜로우크러쉬,88023977,던힐파인컷멜로우크러쉬_88023977.png
200,product_200.png,던힐파인컷트로피컬크러쉬,88022727,던힐파인컷트로피컬크러쉬_88022727.png
201,product_201.png,던힐파인컷0.1,88015712,던힐파인컷0.1_88015712.png
202,product_202.png,던힐파인커프로스트1,88016436,던힐파인커프로스트1_88016436.png
203,product_203.png,던힐스위치6,88022949,던힐스위치6_88022949.png
204,product_204.png,켄트더블프레쉬,88023106,켄트더블프레쉬_88023106.png
205,product_205.png,켄트0.5,88019482,켄트0.5_88019482.png
206,product_206.png,켄트1,88019475,켄트1_88019475.png
207,product_207.png,켄트블루,88019499,켄트블루_88019499.png
208,product_208.png,켄트클릭,88019260,켄트클릭_88019260.png
209,product_209.png,켄트퍼플,88021973,켄트퍼플_88021973.png
210,product_210.png,켄트스위치1,88021997,켄트스위치1_88021997.png
211,product_211.png,에쎄쿨립스,8801116034192,에쎄쿨립스_8801116034192.png
212,product_212.png,lbs믹스그린1ss,88022567,lbs믹스그린1ss_88022567.png
